<?xml version="1.0" encoding="utf-8" mode="91">
<a url="http://vaphim.com/2015/03/20/tiec-khoa-than-the-gigolo-2015-18/" img="http://vaphim.com/wp-content/uploads/2015/03/The-Gigolo-2015-134x1931.jpg" fanart="http://vaphim.com/wp-content/uploads/2015/03/The-Gigolo-2015-1.jpg" href="https://www.fshare.vn/file/JWPKHD5BXHAO">Tiệc khỏa thân The Gigolo (2015) 18+ - The.Gigolo.2015.720p.BluRay.x264-WiKi</a>
<a url="http://vaphim.com/2015/03/27/mat-vu-kingsman-the-secret-service-2014/" img="http://vaphim.com/wp-content/uploads/2015/03/2802144-134x193.jpg" fanart="" href="https://www.fshare.vn/file/3HTGHSBU5SAQ">Mật Vụ Kingsman The Secret Service (2014) - Kingsman The Secret Service 2015 CAM XviD AC3 MURD3R</a>
<a url="http://vaphim.com/2015/03/25/di-biet-nhung-ke-noi-loan-2-insurgent-2015/" img="http://vaphim.com/wp-content/uploads/2015/03/2908446-134x1931.jpg" fanart="" href="https://www.fshare.vn/file/DH1GWXOCCENW">Dị biệt những kẻ nổi loạn 2 Insurgent (2015) - Insurgent.2015.CAM.AC-3.XViD-MURD3R</a>
<a url="http://vaphim.com/2015/03/23/dua-con-thu-7-seventh-son-2015/" img="http://vaphim.com/wp-content/uploads/2015/03/Untitled-1-300x120.jpg" fanart="http://vaphim.com/wp-content/uploads/2015/03/1121096-1.jpg" href="https://www.fshare.vn/file/K4I2EJ9DTR4X">Đứa con thứ 7 Seventh Son (2015) - Seventh Son.PROPER.2015.1080p.HC.WEBRip.AAC.x264-RARBG_  hashu_games</a>
<a url="http://vaphim.com/2015/03/24/khong-mac-bay-focus-2015/" img="http://vaphim.com/wp-content/uploads/2015/03/2381941-134x1931.jpg" fanart="http://vaphim.com/wp-content/uploads/2015/03/2381941-1.jpg" href="https://www.fshare.vn/file/F8NB95NKOCFU">Không mắc bẫy Focus (2015) - Focus.2015.720p.HC.WEBRip.x264.AAC2.0-FGT</a>
<a url="http://vaphim.com/2015/03/05/ngoi-nha-sung-suong-alpha-house-2014-18/" img="http://vaphim.com/wp-content/uploads/2015/03/3307774-134x1931.jpg" fanart="http://vaphim.com/wp-content/uploads/2015/03/3307774-1.jpg" href="https://www.fshare.vn/file/E9RWXPGUNGZC">Ngôi nhà sung sướng Alpha House (2014) 18+ - Alpha House 2014 720p BluRay DD5.1 x264-VietHD</a>
<a url="http://vaphim.com/2015/03/20/ky-bang-ha-age-of-ice-2014/" img="http://vaphim.com/wp-content/uploads/2015/03/Untitled-2-300x120.jpg" fanart="http://vaphim.com/wp-content/uploads/2015/03/3924510-1.jpg" href="https://www.fshare.vn/file/O5BV9AF2Q7JT">Kỷ băng hà Age of Ice (2014) - Age.of.Ice.2014.HDRip.XviD.AC3-EVO</a>
<a url="http://vaphim.com/2015/03/25/the-7th-dwarf-2014/" img="http://vaphim.com/wp-content/uploads/2015/03/2914892-134x1931.jpg" fanart="http://vaphim.com/wp-content/uploads/2015/03/2914892-1.jpg" href="https://www.fshare.vn/file/RZH4TJWODKF7">The 7th Dwarf (2014) - Der 7bte Zwerg (2014) German R5 XViD</a>
<a url="http://vaphim.com/2015/02/10/duc-vong-disregarded-people-2014-18/" date="10/02/2015" img="http://vaphim.com/wp-content/uploads/2015/02/8f0c8e5da0c3ca44291313c0ebe09ba5-134x1931.jpg" fanart="http://vaphim.com/wp-content/uploads/2015/02/maxresdefault-2.jpg" href="https://www.fshare.vn/file/TL96TFB1V3K9">Dục vọng Disregarded People (2014) 18+ - Disregarded.People.2014.720p.BluRay.x264-WiKi</a>
<a url="http://vaphim.com/2015/03/20/thieu-nien-tu-dai-danh-bo-2015/" img="http://vaphim.com/wp-content/uploads/2015/03/Thiếu-niên-tứ-đại-danh-bổ-2015-134x1931.jpg" fanart="http://vaphim.com/wp-content/uploads/2015/03/Thiếu-niên-tứ-đại-danh-bổ-2015-1.jpg" href="https://www.fshare.vn/folder/MG79IGGNLRSF">Thiếu niên tứ đại danh bổ (2015) - Thiếu Niên Tứ Đại Danh Bổ</a>
<a url="http://vaphim.com/2015/03/30/cau-chuyen-cua-lua-nuoc-khi-va-dat-the-burning-plain-2008/" img="http://vaphim.com/wp-content/uploads/2015/03/1068641-134x1931.jpg" fanart="http://vaphim.com/wp-content/uploads/2015/03/1068641-1.jpg" href="https://www.fshare.vn/file/TY4D8RWYV72F">Câu Chuyện Của Lửa, Nước, Khí Và Đất The Burning Plain (2008) - The.Burning.Plain.2008.LiMiTED.1080p.Bluray.x264-FSiHD</a>
<a url="http://vaphim.com/2015/03/30/le-quyen-khuc-tinh-xua-3-dem-tam-su-2015/" img="http://vaphim.com/wp-content/uploads/2015/03/le-quyen-134x1931.jpg" fanart="http://vaphim.com/wp-content/uploads/2015/03/Lệ-Quyên-Khúc-Tình-Xưa-3-Đêm-Tâm-Sự-2015.jpg" href="https://www.fshare.vn/file/83EKBMVBN341">Lệ Quyên - Khúc Tình Xưa 3 Đêm Tâm Sự (2015) - Khuc Tinh Xua 3 [NRG]</a>
<a url="http://vaphim.com/2015/03/30/an-than-housebound-2014/" img="http://vaphim.com/wp-content/uploads/2015/03/3504048-134x1931.jpg" fanart="http://vaphim.com/wp-content/uploads/2015/03/3504048-1.jpeg" href="https://www.fshare.vn/file/7VKWM38OENU1">Ẩn thân Housebound (2014) - Housebound 2014 1080i GER Blu-ray AVC DTS-HD MA 5.1-GMB</a>
<a url="http://vaphim.com/2015/03/24/thanh-guom-cua-han-thu-sword-of-vengeance-2015/" img="http://vaphim.com/wp-content/uploads/2015/03/3622332-134x1931.jpg" fanart="http://vaphim.com/wp-content/uploads/2015/03/3622332-1.jpg" href="https://www.fshare.vn/file/J873KCQFKBNZ">Thanh gươm của hận thù Sword of Vengeance (2015) - Sword of Vengeance.2015.720p.WEB-DL.DD 5.1.H264-RARBG</a>
<a url="http://vaphim.com/2015/03/17/nang-lo-lem-cinderella-2015/" img="http://vaphim.com/wp-content/uploads/2015/03/1661199-134x1931.jpg" fanart="http://vaphim.com/wp-content/uploads/2015/03/1661199-1.jpg" href="https://www.fshare.vn/file/CNZP9YRPYEUT">Nàng lọ lem Cinderella (2015) - Cinderella (2015) CAM READNFO x264 ENG  CPG</a>
