﻿<?xml version="1.0" encoding="utf-8">
<a server="MMN" category="FVR" mode="98" color="gold" icon="favorite.png">My Favourites</a>
<a server="MMN" category="Home" mode="51" color="gold" icon="favorite.png">Chia Sẻ Nhạc</a>
<a server="MMN" category="GGS" mode="10" color="lime" icon="gsearch.png">Google Search - Site search - Database search...</a>
<a server="MMN" category="vaphim.com" mode="01" color="yellow" icon="vaphim.png">Kho phim trên vaphim.com</a>
<a server="MMN" category="VPH" mode="10" color="gold" icon="vaphim.png">Kho Vaphim trên Dữ liệu nội bộ</a>
<a server="MMN" category="IFI" mode="10" color="blue" icon="ifiletv.png">Kho phim trên ifile.tv</a>
<a server="MMN" category="FRE" mode="10" color="orange" icon="serverphimkhac.png">Kho phim trên các server free</a>
<a server="MMN" category="HDV" mode="10" color="crimson" icon="hdvietnam.png">Thông tin từ HDVietnam.com</a>
<a server="MMN" category="Maxlink" mode="16" color="gold" icon="maxspeed.png">Play direct link (khi đã get được link)</a>
<a server="MMN" category="IDF" mode="15" color="" icon="id.png">Get link [COLOR gold]Fshare-Fsend[/COLOR] [COLOR blue]4share[/COLOR] [COLOR fuchsia]tenlua[/COLOR] (theo ID) [COLOR green] subscene[/COLOR] (link)</a>
<a server="MMN" category="thumuccucbo" mode="96" color="orange" icon="Myfolder.png">Thư mục cục bộ (MyFolder)</a>
<a server="MMN" category="MyFshare" mode="15" color="gold" icon="Myfshare.png">Thư mục chia sẻ của tôi trên Fshare (MyFshare)</a>
<a server="GGS" category="xshare.vn" mode="13" color="lime" icon="isearch.png">Search trên dữ liệu đã cập nhật về máy</a>
<a server="GGS" category="fshare.vn" mode="02" color="lime" icon="gsearch.png">Google Search [COLOR gold]Fshare.vn[/COLOR]</a>
<a server="GGS" category="vaphim.com" mode="02" color="lime" icon="gsearch.png">Google Search [COLOR gold]Vaphim.com[/COLOR]</a>
<a server="GGS" category="4share.vn" mode="02" color="lime" icon="gsearch.png">Google Search [COLOR blue]4share.vn...[/COLOR]</a>
<a server="GGS" category="ifile.tv" mode="02" color="lime" icon="gsearch.png">Google Search [COLOR blue]Ifile.tv[/COLOR]</a>
<a server="GGS" category="tenlua.vn" mode="02" color="lime" icon="gsearch.png">Google Search [COLOR fuchsia]TenLua.vn...[/COLOR]</a>
<a server="GGS" category="hdvietnam.com" mode="02" color="lime" icon="gsearch.png">Google Search [COLOR crimson]hdvietnam.com[/COLOR]</a>
<a server="GGS" category="vaphim.com" mode="13" color="lime" icon="vaphim.png">Search[/COLOR] Trực tiếp trên [COLOR gold]Vaphim.com...</a>
<a server="GGS" category="ifile.tv" mode="13" color="lime" icon="ifiletv.png">Search[/COLOR] Trực tiếp trên [COLOR blue]Ifile.tv...</a>
<a server="GGS" category="4share.vn" mode="13" color="lime" icon="4share.png">Search[/COLOR] Trực tiếp trên [COLOR blue]4share.vn...</a>
<a server="GGS" category="tenlua.vn" mode="13" color="lime" icon="tenlua.png">Search[/COLOR] Trực tiếp trên [COLOR fuchsia]TenLua.vn...</a>
<a server="GGS" category="hdvietnam.com" mode="13" color="lime" icon="hdvietnam.png">Search[/COLOR] Trực tiếp trên [COLOR crimson]hdvietnam.com...</a>

<a server="VPH" category="capnhat" mode="20" color="gold" icon="vaphim.png">Cập nhật danh mục Vaphim</a>
<a server="VPH" category="chonloc" mode="93" color="gold" icon="vaphim.png">VaPhim.com chọn lọc</a>
<a server="VPH" category="phimmoi" mode="04" color="gold" icon="vaphim.png">Phim mới nhất</a>
<a server="VPH" category="xemnhieu" mode="05" color="gold" icon="vaphim.png">Phim được xem nhiều nhất</a>
<a server="VPH" category="collection" mode="92" color="gold" icon="vaphim.png">Các Bộ Sưu Tập</a>
<a server="IFI" category="capnhat" mode="31" color="blue" icon="ifiletv.png">Cập nhật danh mục Ifile.tv</a>
<a server="IFI" category="demo" mode="34" color="blue" icon="ifiletv.png">Ifile.tv đề nghị</a>
<a server="IFI" category="new" mode="34" color="blue" icon="ifiletv.png">Phim mới nhất</a>
<a server="IFI" category="index" mode="34" color="blue" icon="ifiletv.png">Phim được xem nhiều nhất</a>
<a server="IFI" category="phim-le" mode="91" color="blue" icon="ifiletv.png">Phim Lẻ</a>
<a server="IFI" category="phim-bo" mode="91" color="blue" icon="ifiletv.png">Phim Bộ</a>
<a server="IFI" category="3d" mode="91" color="blue" icon="ifiletv.png">3D</a>
<a server="IFI" category="an-do" mode="91" color="blue" icon="ifiletv.png">Ấn Độ</a>
<a server="IFI" category="cao-boi" mode="91" color="blue" icon="ifiletv.png">Cao Bồi</a>
<a server="IFI" category="chien-tranh" mode="91" color="blue" icon="ifiletv.png">Chiến Tranh</a>
<a server="IFI" category="chuong-trinh-xuan" mode="91" color="blue" icon="ifiletv.png">Chương Trình Xuân</a>
<a server="IFI" category="co-trang" mode="91" color="blue" icon="ifiletv.png">Cổ Trang</a>
<a server="IFI" category="gia-dinh" mode="91" color="blue" icon="ifiletv.png">Gia Đình</a>
<a server="IFI" category="giang-sinh" mode="91" color="blue" icon="ifiletv.png">Giáng Sinh</a>
<a server="IFI" category="hai" mode="91" color="blue" icon="ifiletv.png">Hài</a>
<a server="IFI" category="han-quoc" mode="91" color="blue" icon="ifiletv.png">Hàn Quốc</a>
<a server="IFI" category="hanh-dong" mode="91" color="blue" icon="ifiletv.png">Hành Động</a>
<a server="IFI" category="hinh-su" mode="91" color="blue" icon="ifiletv.png">Hình Sự</a>
<a server="IFI" category="hoat-hinh" mode="91" color="blue" icon="ifiletv.png">Hoạt Hình</a>
<a server="IFI" category="hong-kong" mode="91" color="blue" icon="ifiletv.png">Hồng Kông</a>
<a server="IFI" category="huyen-bi" mode="91" color="blue" icon="ifiletv.png">Huyền Bí</a>
<a server="IFI" category="kinh-di" mode="91" color="blue" icon="ifiletv.png">Kinh Dị</a>
<a server="IFI" category="lang-man" mode="91" color="blue" icon="ifiletv.png">Lãng Mạn</a>
<a server="IFI" category="lich-su" mode="91" color="blue" icon="ifiletv.png">Lịch Sử</a>
<a server="IFI" category="nhac-kich" mode="91" color="blue" icon="ifiletv.png">Nhạc Kịch</a>
<a server="IFI" category="phieu-luu" mode="91" color="blue" icon="ifiletv.png">Phiêu Lưu</a>
<a server="IFI" category="phim-18" mode="91" color="blue" icon="ifiletv.png">Phim 18+</a>
<a server="IFI" category="phim-bo-han" mode="91" color="blue" icon="ifiletv.png">Phim Bộ Hàn</a>
<a server="IFI" category="phim-bo-hong-kong" mode="91" color="blue" icon="ifiletv.png">Phim Bộ Hồng Kông</a>
<a server="IFI" category="phim-tai-lieu" mode="91" color="blue" icon="ifiletv.png">Phim Tài Liệu</a>
<a server="IFI" category="rung-ron" mode="91" color="blue" icon="ifiletv.png">Rùng Rợn</a>
<a server="IFI" category="tam-ly" mode="91" color="blue" icon="ifiletv.png">Tâm Lý</a>
<a server="IFI" category="than-thoai" mode="91" color="blue" icon="ifiletv.png">Thần Thoại</a>
<a server="IFI" category="thieu-nhi" mode="91" color="blue" icon="ifiletv.png">Thiếu Nhi</a>
<a server="IFI" category="thuyet-minh-tv" mode="91" color="blue" icon="ifiletv.png">Thuyết Minh TV</a>
<a server="IFI" category="tieu-su" mode="91" color="blue" icon="ifiletv.png">Tiểu Sử</a>
<a server="IFI" category="trinh-tham" mode="91" color="blue" icon="ifiletv.png">Trinh Thám</a>
<a server="IFI" category="vien-tuong" mode="91" color="blue" icon="ifiletv.png">Viễn Tưởng</a>
<a server="IFI" category="viet-nam" mode="91" color="blue" icon="ifiletv.png">Việt Nam</a>
<a server="IFI" category="vo-thuat" mode="91" color="blue" icon="ifiletv.png">Võ Thuật</a>

<a server="FRE" category="anime47.com" mode="37" color="deepskyblue" icon="anime47.png">Kho phim trên anime47.com</a>
<a server="FRE" category="hdviet.com" mode="22" color="darkorange" icon="hdviet.png">Kho phim trên hdviet.com</a>
<a server="FRE" category="fptplay.net" mode="07" color="orange" icon="fptplay.png">Kho phim trên fptplay.net</a>
<a server="FRE" category="hayhaytv.vn" mode="23" color="tomato" icon="hayhaytv.png">Kho phim trên hayhaytv.vn</a>
<a server="FRE" category="bilutv.com" mode="36" color="hotpink" icon="bilutv.png">Kho phim trên bilutv.com</a>
<a server="FRE" category="phimmoi.net" mode="24" color="ghostwhite" icon="phimmoi.png">Kho phim trên phimmoi.net</a>
<a server="FRE" category="hdonline.vn" mode="30" color="turquoise" icon="hdonline.png">Kho phim trên hdonline.vn</a>
<a server="FRE" category="megabox.vn" mode="17" color="orangered" icon="megabox.png">Kho phim trên megabox.vn</a>
<a server="FRE" category="phim3s.net" mode="32" color="lightgray" icon="phim3s.png">Kho phim trên phim3s.net</a>
<a server="FRE" category="phim14.net" mode="39" color="chartreuse" icon="phim14.png">Kho phim trên phim14.net</a>
<a server="FRE" category="kenh88.com" mode="26" color="cyan" icon="kenh88.png">Kho phim trên kenh88.com</a>
<a server="FRE" category="phimdata.com" mode="27" color="magenta" icon="phimdata.png">Kho phim trên phimdata.com</a>
<a server="FRE" category="phimsot.com" mode="29" color="orangered" icon="phimsot.png">Kho phim trên phimsốt.com</a>
<a server="FRE" category="phim47.com" mode="28" color="springgreen" icon="phim47.png">Kho phim trên phim47.com</a>
<a server="FRE" category="kphim.tv" mode="33" color="lightgreen" icon="kphim.png">Kho phim trên kphim.tv</a>
<a server="FRE" category="phimnhanh.com" mode="35" color="chartreuse" icon="phimnhanh.png">Kho phim trên phimnhanh.com</a>
<a server="FRE" category="dangcaphd.com" mode="18" color="yellow" icon="dangcaphd.png">Kho phim trên dangcaphd.com</a>
<a server="FRE" category="vuahd.tv" mode="21" color="deeppink" icon="vuahd.png">Kho phim trên vuahd.tv</a>
<a server="FRE" category="pubvn.tv" mode="19" color="limegreen" icon="pubvn.png">Kho phim trên pubvn.net</a>
<a server="HDV" category="xshare.vn" mode="13" color="lime" icon="isearch.png">Search trên dữ liệu đã cập nhật về máy</a>
<a server="HDV" category="muctheodoi" mode="08" color="crimson" icon="hdvietnam.png">[COLOR blue]Room Theo dõi của tôi[/COLOR] trên hdvietnam.com</a>
<a server="HDV" category="get_room_id" mode="08" color="lime" icon="hdvietnam.png">Get room HDVietnam theo ID</a>
<a server="HDV" category="UPD" mode="08" color="crimson" icon="hdvietnam.png">[COLOR lime]Cập nhật data[/COLOR] từ tất cả [COLOR blue]RSS hôm nay[COLOR crimson]của hdvietnam.com</a>
<a server="HDV" category="MCS" mode="08" color="crimson" icon="hdvietnam.png">[COLOR blue]Mục CHIA SẺ PHIM[/COLOR] của hdvietnam.com</a>
<a server="HDV" category="CSN" mode="08" color="crimson" icon="hdvietnam.png">[COLOR green]Mục CHIA SẺ NHẠC[/COLOR] của hdvietnam.com</a>
<a server="HDV" category="000" mode="08" color="blue" icon="hdvietnam.png">RSS [COLOR crimson]hôm nay của hdvietnam.com</a>
<a server="HDV" category="33" mode="08" color="blue" icon="hdvietnam.png">RSS [COLOR crimson]Mục CHIA SẺ PHIM: [COLOR gold]Fshare.vn[/COLOR]</a>
<a server="HDV" category="146" mode="08" color="blue" icon="hdvietnam.png">RSS [COLOR crimson]Mục CHIA SẺ PHIM: [COLOR blue]4share.vn[/COLOR]</a>
<a server="HDV" category="311" mode="08" color="blue" icon="hdvietnam.png">RSS [COLOR crimson]Mục CHIA SẺ PHIM: [COLOR fuchsia]tenlua.vn[/COLOR]</a>
<a server="HDV" category="265" mode="08" color="blue" icon="hdvietnam.png">RSS [COLOR crimson]Mục CHIA SẺ PHIM: [/COLOR][COLOR whitesmoke]Thuyết minh hoặc lồng tiếng</a>
<a server="HDV" category="110" mode="08" color="blue" icon="hdvietnam.png">RSS [COLOR crimson]Mục CHIA SẺ PHIM: [/COLOR][COLOR whitesmoke]3D</a>
<a server="HDV" category="116" mode="08" color="blue" icon="hdvietnam.png">RSS [COLOR crimson]Mục CHIA SẺ PHIM: [/COLOR][COLOR whitesmoke]Phim tài liệu - Documentaries</a>
<a server="HDV" category="123" mode="08" color="blue" icon="hdvietnam.png">RSS [COLOR crimson]Mục CHIA SẺ PHIM: [/COLOR][COLOR whitesmoke]Phim hoạt hình</a>
<a server="HDV" category="57" mode="08" color="blue" icon="hdvietnam.png">RSS [COLOR crimson]Mục CHIA SẺ PHIM: [/COLOR][COLOR whitesmoke]Phim bộ - Series</a>
<a server="HDV" category="157" mode="08" color="blue" icon="hdvietnam.png">RSS [COLOR crimson]Mục CHIA SẺ PHIM: [/COLOR][COLOR whitesmoke]Phim cho iOS/Android</a>
