<?xml version="1.0" encoding="UTF-8" standalone="yes" ?>
<addon id="plugin.video.xshare.tiny" name="Xshare tiny - XBMC HD Video" version="1.0.3" provider-name="thaitni">
    <requires>
        <import addon="xbmc.python" version="2.14.0" optional="true" />
    </requires>
    <extension point="xbmc.python.pluginsource" library="xsharetiny.py">
        <provides>video</provides>
    </extension>
    <extension point="xbmc.addon.metadata">
        <summary>Xshare tiny - XBMC HD Video</summary>
		<description lang="en">Xem HD Video trên XBMC từ ID file trên website: https://www.fshare.vn</description>
		<platform>all</platform>
		<language>en</language>
		<license>GNU General Public License - v2</license>
		<source>https://github.com/thaitni/xbmc.repo.xshare</source>
		<email>thai@thanhthai.net</email>
    </extension>
</addon>
