<?xml version="1.0" encoding="UTF-8" standalone="yes" ?>
<addon id="plugin.video.xshare" name="Xshare - XBMC HD Video" version="3.2.1" provider-name="thaitni">
    <requires>
        <import addon="xbmc.python" version="2.1.0" optional="true" />
    </requires>
    <extension point="xbmc.python.pluginsource" library="xshare.py">
        <provides>video</provides>
    </extension>
    <extension point="xbmc.addon.metadata">
        <summary>Xshare - XBMC HD Video</summary>
		<description lang="en">Tìm và Xem HD Video trên XBMC từ các website: https://www.fshare.vn, http://4share.vn, http://vaphim.com, http://ifile.tv, http://phimfshare.com, http://fptplay.net, http://hdvietnam.com, http://megabox.vn, http://dangcaphd.com</description>
		<platform>all</platform>
		<language>en</language>
		<license>GNU General Public License - v2</license>
		<source>https://github.com/thaitni/xbmc.repo.xshare</source>
		<email>thai@thanhthai.net</email>
    </extension>
</addon>
