<?xml version="1.0" encoding="UTF-8" standalone="yes"?>
<addon id="service.subtitles.xshare" name="[COLOR red][B]xshare[/COLOR] [COLOR blue]subtitles[/B][/COLOR]" version="1.2.5" provider-name="thaitni">
    <requires>
		<import addon="xbmc.python" version="2.1.0"/>
		<import addon="script.module.requests"/>
	</requires>
	
    <extension point="xbmc.subtitle.module" library="xsharesub.py"/>
    <extension point="xbmc.addon.metadata">
        <platform>all</platform>
        <summary lang="en">xbmc subtitles for plugin.video.xshare</summary>
        <description lang="vi">Tìm phụ đề Tiếng Việt, tìm và dịch ra tiếng Việt từ bản tiếng Anh cho plugin.video.xshare trên http://Subscene.com, phudeviet.org.</description>
		<platform>all</platform>
		<language>en</language>
		<license>GNU General Public License - v2</license>
		<source>https://github.com/thaitni/xbmc.repo.xshare</source>
		<email>thai@thanhthai.net</email>
    </extension>
</addon>
