﻿<?xml version="1.0" encoding="utf-8">
<a server="MMN" category="Home" mode="101" color="gold" icon="favorite.png">[B]My Favourites[/B] [COLOR cyan](Phím chức năng: Sub Folder Favourites)[/COLOR]'</a>
<a server="MMN" category="GGS" mode="10" color="lime" icon="gsearch.png">Search ([COLOR red]Google[/COLOR] / [COLOR green]Web[/COLOR] / [COLOR blue]Dữ liệu nội bộ[/COLOR])</a>
<a server="MMN" category="Home" mode="98" color="red" icon="youtube.png">[B]Youtube[/B][/COLOR] [COLOR orangered]Lưu ý: Người sử dụng xshare tự chịu trách nhiệm về nội dung mà mình xem</a>
<a server="MMN" category="Home" mode="89" color="orange" icon="xshare.png">Xem Truyền Hình</a>
<a server="MMN" category="Home" mode="51" color="gold" icon="favorite.png">chiasenhac.com / [COLOR blue]nhaccuatui.com[/COLOR] / [COLOR fuchsia]nhacdj.vn[/COLOR]</a>
<a server="MMN" category="F4T" mode="10" color="yellow" icon="vaphim.png">Kho phim trên Fshare[/COLOR] / [COLOR FFF08080]fsharefilm[/COLOR] / [COLOR orangered]Fcine[/COLOR] / [COLOR FF1E90FF]taiphimhd[/COLOR] / [COLOR blue]4share[/COLOR] / [COLOR fuchsia]tenlua</a>
<a server="F4T" category="fshare.vn" mode="90" color="lime" icon="fshare.png">Search trên [COLOR gold]Fshare Following[/COLOR] (Phải có VIP/Free acc Fshare.vn)</a>
<a server="F4T" category="VPH" mode="10" color="gold" icon="vaphim.png">Kho Vaphim trên Dữ liệu nội bộ</a>
<a server="F4T" category="vaphim.com" mode="01" color="yellow" icon="vaphim.png">Kho phim trên Vaphim.com</a>
<a server="F4T" category="Home" mode="60" color="FFF08080" icon="taiphimhdnet.png">Kho phim trên fsharefilm.com</a>
<a server="F4T" category="taiphimhd.net" mode="34" color="FF1E90FF" icon="taiphimhdnet.png">Kho phim trên taiphimhd.net</a>
<a server="F4T" category="fcine.net" mode="25" color="orangered" icon="fcine.png">Kho phim trên Fcine.net</a>
<a server="F4T" category="Home" mode="06" color="blue" icon="4share.png">Kho phim 4share</a>
<a server="MMN" category="FRE" mode="88" color="orange" icon="serverphimkhac.png">Kho phim trên các server khác</a>
<a server="MMN" category="CDE" mode="10" color="cyan" icon="hdvietnam.png">Các trang chuyên đề [COLOR crimson]HDVietnam.com[/COLOR]/[COLOR blue]taiphimhd.com[/COLOR]/[COLOR lime]i-max.vn</a>
<a server="CDE" category="hdvietnam.com" mode="02" color="lime" icon="gsearch.png">Google Search [COLOR crimson]hdvietnam.com[/COLOR] / [COLOR blue]taiphimhd.com[/COLOR] / [COLOR chartreuse]i-max.vn[/COLOR]</a>
<a server="CDE" category="HDV" mode="08" color="crimson" icon="hdvietnam.png">Thông tin từ HDVietnam.com</a>
<a server="CDE" category="taiphimhd.com" mode="53" color="blue" icon="taiphimhd.png">Thông tin từ taiphimhd.com</a>
<a server="CDE" category="imax.vn" mode="49" color="chartreuse" icon="imax.png">Thông tin từ i-max.vn</a>
<a server="MMN" category="Maxlink" mode="16" color="gold" icon="maxspeed.png">Play direct link (khi đã get được link)</a>
<a server="MMN" category="IDF" mode="15" color="" icon="id.png">Get link [COLOR gold]Fshare-Fsend[/COLOR]/[COLOR blue]4share[/COLOR]/[COLOR fuchsia]tenlua[/COLOR]/[COLOR green]subscene[/COLOR]/[COLOR orangered]Link bất kỳ[/COLOR]</a>
<a server="MMN" category="thumuccucbo" mode="96" color="orange" icon="Myfolder.png">Thư mục cục bộ (MyFolder)</a>
<a server="MMN" category="MyFshare" mode="15" color="gold" icon="Myfshare.png">MyFshare/Fshare Favorite/Fshare Following (VIP/Free acc)</a>
<a server="GGS" category="xshare.vn" mode="13" color="lime" icon="isearch.png">Search trên dữ liệu đã cập nhật về máy</a>
<a server="GGS" category="search" mode="88" color="lime" icon="gsearch.png">Google Search [COLOR orange]Các servers khác[/COLOR]</a>
<a server="GGS" category="fshare.vn" mode="02" color="lime" icon="gsearch.png">Google Search [COLOR gold]Fshare.vn/Vaphim.com[/COLOR]/[COLOR FFF08080]fsharefilm.com[/COLOR]/[COLOR orangered]Fcine.net[/COLOR]/[COLOR FF1E90FF]taiphimhd.net[/COLOR]</a>
<a server="GGS" category="4share.vn" mode="02" color="lime" icon="gsearch.png">Google Search [COLOR blue]4share.vn[COLOR]</a>
<a server="GGS" category="tenlua.vn" mode="02" color="lime" icon="gsearch.png">Google Search [COLOR fuchsia]TenLua.vn...[/COLOR]</a>
<a server="GGS" category="hdvietnam.com" mode="02" color="lime" icon="gsearch.png">Google Search [COLOR crimson]hdvietnam.com[/COLOR] / [COLOR blue]taiphimhd.com[/COLOR] / [COLOR chartreuse]i-max.vn[/COLOR]</a>
<a server="GGS" category="fshare.vn" mode="90" color="lime" icon="fshare.png">Search[/COLOR] Trực tiếp trên [COLOR gold]Fshare Following (VIP/Free acc)</a>
<a server="GGS" category="taifile.net" mode="13" color="lime" icon="vaphim.png">Search[/COLOR] Trực tiếp trên [COLOR gold]Taifile.Net...</a>
<a server="GGS" category="vaphim.com" mode="13" color="lime" icon="vaphim.png">Search[/COLOR] Trực tiếp trên [COLOR gold]Vaphim.com...</a>
<a server="GGS" category="fsharefilm.com" mode="60" color="lime" icon="fsharefilm.png">Search[/COLOR] Trực tiếp trên [COLOR FFF08080]fsharefilm.com...</a>
<a server="GGS" category="fcine.net" mode="25" color="lime" icon="fcine.png">Search (full)[/COLOR] Trực tiếp trên [COLOR orangered]Fcine.net...</a>
<a server="GGS" category="4share.vn" mode="13" color="lime" icon="4share.png">Search[/COLOR] Trực tiếp trên [COLOR blue]4share.vn...</a>
<a server="GGS" category="tenlua.vn" mode="13" color="lime" icon="tenlua.png">Search[/COLOR] Trực tiếp trên [COLOR fuchsia]TenLua.vn...</a>
<a server="GGS" category="hdvietnam.com" mode="13" color="lime" icon="hdvietnam.png">Search[/COLOR] Trực tiếp trên [COLOR crimson]hdvietnam.com...</a>

<a server="VPH" category="capnhat" mode="20" color="gold" icon="vaphim.png">Cập nhật danh mục Vaphim</a>
<a server="VPH" category="chonloc" mode="93" color="gold" icon="vaphim.png">VaPhim.com chọn lọc</a>
<a server="VPH" category="phimmoi" mode="04" color="gold" icon="vaphim.png">Phim mới nhất</a>
<a server="VPH" category="xemnhieu" mode="05" color="gold" icon="vaphim.png">Phim được xem nhiều nhất</a>
<a server="VPH" category="collection" mode="92" color="gold" icon="vaphim.png">Các Bộ Sưu Tập</a>
