<?xml version="1.0" encoding="utf-8" mode="91">
<a url="http://vaphim.com/2015/04/24/biet-doi-sieu-anh-hung-de-che-ultron-avengers-age-ultron-2015/" img="http://vaphim.com/wp-content/uploads/2015/04/avenger-age-of-ultron-2015-CAM_banner.jpg" fanart="http://vaphim.com/wp-content/uploads/2015/04/avenger-age-of-ultron-2015-CAM_banner.jpg" href="https://www.fshare.vn/file/ZKN8YU2GVPOZ">Biệt Đội Siêu Anh Hùng: Đế Chế Ultron Avengers Age of Ultron 2015 RU CAM XVID AC3-MURD3R - A.A.of.U {2015} RU CAM XVID AC3 MURD3R.avi</a>
<a url="http://vaphim.com/2015/04/24/biet-doi-sieu-anh-hung-de-che-ultron-avengers-age-ultron-2015/" img="http://vaphim.com/wp-content/uploads/2015/04/avenger-age-of-ultron-2015-CAM_banner.jpg" fanart="http://vaphim.com/wp-content/uploads/2015/04/avenger-age-of-ultron-2015-CAM_banner.jpg" href="https://www.fshare.vn/file/XSVRVXOELKRW">Biệt Đội Siêu Anh Hùng: Đế Chế Ultron Avengers Age of Ultron 2015 RU CAM XVID AC3-MURD3R - Avengers.Age.of.Ultron.2015.ENG.CAM.XVID.AC3.MURD3R.avi</a>
<a url="http://vaphim.com/2015/04/06/qua-nhanh-qua-nguy-hiem-fast-and-furious-2015/" img="http://vaphim.com/wp-content/uploads/2015/04/Poster-Fast-Furious7-Vietnam-9-4419-5310-14277070022-134x1931.jpg" fanart="http://vaphim.com/wp-content/uploads/2015/04/2820852-1.jpg" href="https://www.fshare.vn/file/X11PAZSTEB1W">Quá nhanh, Quá nguy hiểm Fast and Furious (2015) - Fast and Furious 7 2015 HQCAM READNFO XVID MP3 MURD3R</a>
<a url="http://vaphim.com/2015/04/20/hanh-trinh-mot-giac-mo-asia-76-dvd5-dv9-bluray-nguyen-goc/" img="http://vaphim.com/wp-content/uploads/2015/04/asia76.jpg" fanart="http://vaphim.com/wp-content/uploads/2015/04/asia761.jpg" href="https://www.fshare.vn/file/HMETQVYWF679">Hành Trình Một Giấc Mơ - Asia 76 - DVD 5 Disk 1</a>
<a url="http://vaphim.com/2015/04/20/hanh-trinh-mot-giac-mo-asia-76-dvd5-dv9-bluray-nguyen-goc/" img="http://vaphim.com/wp-content/uploads/2015/04/asia76.jpg" fanart="http://vaphim.com/wp-content/uploads/2015/04/asia761.jpg" href="https://www.fshare.vn/file/5OP9VE3YA94L">Hành Trình Một Giấc Mơ - Asia 76 - DVD 5 Disk 2</a>
<a url="http://vaphim.com/2015/04/20/hanh-trinh-mot-giac-mo-asia-76-dvd5-dv9-bluray-nguyen-goc/" img="http://vaphim.com/wp-content/uploads/2015/04/asia76.jpg" fanart="http://vaphim.com/wp-content/uploads/2015/04/asia761.jpg" href="https://www.fshare.vn/file/63KEXBERFLCP">Hành Trình Một Giấc Mơ - Asia 76 - DVD 9 Disk 1</a>
<a url="http://vaphim.com/2015/04/20/hanh-trinh-mot-giac-mo-asia-76-dvd5-dv9-bluray-nguyen-goc/" img="http://vaphim.com/wp-content/uploads/2015/04/asia76.jpg" fanart="http://vaphim.com/wp-content/uploads/2015/04/asia761.jpg" href="https://www.fshare.vn/file/7HJ18QQ8NA6P">Hành Trình Một Giấc Mơ - Asia 76 - DVD 9 Disk 2</a>
<a url="http://vaphim.com/2015/04/20/hanh-trinh-mot-giac-mo-asia-76-dvd5-dv9-bluray-nguyen-goc/" img="http://vaphim.com/wp-content/uploads/2015/04/asia76.jpg" fanart="http://vaphim.com/wp-content/uploads/2015/04/asia761.jpg" href="https://www.fshare.vn/file/PQC6JVJUDZLR">Hành Trình Một Giấc Mơ - Asia 76 - Hành Trình Một Giấc Mơ &#8211; Asia 76 Bluray</a>
<a url="http://vaphim.com/2015/04/21/chien-lang-wolf-warriors-2015/" img="http://vaphim.com/wp-content/uploads/2015/04/poster_chienlang.jpeg" fanart="http://vaphim.com/wp-content/uploads/2015/04/poster_chienlang.jpeg" href="https://www.fshare.vn/file/QAXIJWM7RX81">Chiến Lang Wolf Warriors (2015) - Wolf.Warriors.2015.TC720P.X264.AAC.Mandarin.CHS-ENG.Mp4Ba.mp4</a>
<a url="http://vaphim.com/2015/04/21/chien-lang-wolf-warriors-2015/" img="http://vaphim.com/wp-content/uploads/2015/04/poster_chienlang.jpeg" fanart="http://vaphim.com/wp-content/uploads/2015/04/poster_chienlang.jpeg" href="https://www.fshare.vn/file/QX94K7Z8RWZY">Chiến Lang Wolf Warriors (2015) - Phụ Đề Việt</a>
<a url="http://vaphim.com/2015/04/26/mang-doi-mang-skin-trade-2014/" img="http://vaphim.com/wp-content/uploads/2015/04/skintrade.jpg" fanart="http://vaphim.com/wp-content/uploads/2015/04/skintrade.jpg" href="https://www.fshare.vn/file/5C33UR3RB1W7">Mạng đổi Mạng Skin Trade (2014) - Skin.Trade.2014.ViE.720p.WEB-DL.DD5.1.H264-RARBG.mkv</a>
<a url="http://vaphim.com/2015/04/26/mang-doi-mang-skin-trade-2014/" img="http://vaphim.com/wp-content/uploads/2015/04/skintrade.jpg" fanart="http://vaphim.com/wp-content/uploads/2015/04/skintrade.jpg" href="https://www.fshare.vn/file/9LXODFQ7IMES">Mạng đổi Mạng Skin Trade (2014) - Phụ Đề Việt</a>
<a url="http://vaphim.com/2015/04/22/tinh-duc-thoi-hien-dai-men-women-and-children-2014/" img="http://vaphim.com/wp-content/uploads/2015/04/menwomen.jpg" fanart="http://vaphim.com/wp-content/uploads/2015/04/menwomen.jpg" href="https://www.fshare.vn/file/MWG9L12YCICT">Tình Dục Thời Hiện Đại Men Women and Children (2014) - Men.Women.and.Children.2014.720p.BluRay.DTS.x264-HDAccess.mkv</a>
<a url="http://vaphim.com/2015/04/22/tinh-duc-thoi-hien-dai-men-women-and-children-2014/" img="http://vaphim.com/wp-content/uploads/2015/04/menwomen.jpg" fanart="http://vaphim.com/wp-content/uploads/2015/04/menwomen.jpg" href="https://www.fshare.vn/file/WQQ6D43WXROW">Tình Dục Thời Hiện Đại Men Women and Children (2014) - Phụ Đề Việt</a>
<a url="http://vaphim.com/2015/04/24/than-tham-gia-dao-an-inspector-calls-2015/" img="http://vaphim.com/wp-content/uploads/2015/04/thantham_banner.jpg" fanart="http://vaphim.com/wp-content/uploads/2015/04/thantham_banner.jpg" href="https://www.fshare.vn/file/8AH9M12V18PP">Thần Thám Giá Đáo An Inspector Calls (2015) - An.Inspector.Calls.2015.720p.BluRay.x264-WiKi.mkv</a>
<a url="http://vaphim.com/2015/04/24/than-tham-gia-dao-an-inspector-calls-2015/" img="http://vaphim.com/wp-content/uploads/2015/04/thantham_banner.jpg" fanart="http://vaphim.com/wp-content/uploads/2015/04/thantham_banner.jpg" href="https://www.fshare.vn/file/N92AWHC32P7I">Thần Thám Giá Đáo An Inspector Calls (2015) - Phụ Đề Việt</a>
<a url="http://vaphim.com/2015/04/24/than-tham-gia-dao-an-inspector-calls-2015/" img="http://vaphim.com/wp-content/uploads/2015/04/thantham_banner.jpg" fanart="http://vaphim.com/wp-content/uploads/2015/04/thantham_banner.jpg" href="https://www.fshare.vn/file/MCH5X25AQKDV">Thần Thám Giá Đáo An Inspector Calls (2015) - An.Inspector.Calls.2015.1080p.BluRay.x264-WiKi.mkv</a>
<a url="http://vaphim.com/2015/04/24/than-tham-gia-dao-an-inspector-calls-2015/" img="http://vaphim.com/wp-content/uploads/2015/04/thantham_banner.jpg" fanart="http://vaphim.com/wp-content/uploads/2015/04/thantham_banner.jpg" href="https://www.fshare.vn/file/N92AWHC32P7I">Thần Thám Giá Đáo An Inspector Calls (2015) - Phụ Đề Việt</a>
<a url="http://vaphim.com/2015/04/24/than-tham-gia-dao-an-inspector-calls-2015/" img="http://vaphim.com/wp-content/uploads/2015/04/thantham_banner.jpg" fanart="http://vaphim.com/wp-content/uploads/2015/04/thantham_banner.jpg" href="https://www.fshare.vn/file/D43WYWEW5OQE">Thần Thám Giá Đáo An Inspector Calls (2015) - AN_INSPECTOR_CALLS.ISO</a>
<a url="http://vaphim.com/2015/04/24/than-tham-gia-dao-an-inspector-calls-2015/" img="http://vaphim.com/wp-content/uploads/2015/04/thantham_banner.jpg" fanart="http://vaphim.com/wp-content/uploads/2015/04/thantham_banner.jpg" href="https://www.fshare.vn/file/N92AWHC32P7I">Thần Thám Giá Đáo An Inspector Calls (2015) - Phụ Đề Việt</a>
<a url="http://vaphim.com/2015/04/24/bo-cong-thi-song-crawl-or-die-2014/" img="http://vaphim.com/wp-content/uploads/2015/04/crawlordie.jpg" fanart="http://vaphim.com/wp-content/uploads/2015/04/crawlordie.jpg" href="https://www.fshare.vn/file/XU771A28L5K6">Bò Cống Thì Sống Crawl or Die (20014) - crawl.or.die.2014.1080p.bluray.x264-invandraren.mkv</a>
<a url="http://vaphim.com/2015/04/22/dac-vu-baby-baby-2015/" img="http://vaphim.com/wp-content/uploads/2015/04/baby_banner.jpg" fanart="http://vaphim.com/wp-content/uploads/2015/04/baby_banner.jpg" href="https://www.fshare.vn/file/GGQ1MTY5GMHA">Đội Đặc Vụ Baby Baby (2015) - dac vu baby vietsub 2015.mp4</a>
<a url="http://vaphim.com/2015/04/22/dac-vu-baby-baby-2015/" img="http://vaphim.com/wp-content/uploads/2015/04/baby_banner.jpg" fanart="http://vaphim.com/wp-content/uploads/2015/04/baby_banner.jpg" href="https://www.fshare.vn/file/4IWS1EOXDTNL">Đội Đặc Vụ Baby Baby (2015) - BABY.2015.HQ.1080p.BluRay.x264.DTS-HDMA.ESub-DDR-Exclusive.mkv</a>
<a url="http://vaphim.com/2015/04/25/tuyen-tap-phim-18-han-quoc/" img="http://vaphim.com/wp-content/uploads/2015/04/moebius-2013.jpg" fanart="http://vaphim.com/wp-content/uploads/2015/04/moebius-2013.jpg" href="https://www.fshare.vn/file/B7RYBESHR3TO">Vòng tròn tội lỗi (2013) - Moebius.2013.1080p.BluRay.DTS.x264-PublicHD.mkv</a>
<a url="http://vaphim.com/2015/04/25/tuyen-tap-phim-18-han-quoc/" img="http://vaphim.com/wp-content/uploads/2015/04/mango-tree.jpg" fanart="http://vaphim.com/wp-content/uploads/2015/04/mango-tree.jpg" href="https://www.fshare.vn/file/CMTZ7RYCFUQX">[Tâm Lý – Xã Hội] Mango Tree 2013 1080p WEB-DL x264 AAC-SmY - Mango Tree.2013.1080p.WEB-DL.x264.AAC-SmY.mkv</a>
<a url="http://vaphim.com/2015/04/25/tuyen-tap-phim-18-han-quoc/" img="http://vaphim.com/wp-content/uploads/2015/04/act-20131.jpg" fanart="http://vaphim.com/wp-content/uploads/2015/04/act-20131.jpg" href="https://www.fshare.vn/file/2EMKPJCSR4Y7">Đạo Luật – Act – Jit (2013) [18+] - Act 2013.720p.HDRip.H264.Mp3-OnPlus.avi</a>
<a url="http://vaphim.com/2015/04/25/tuyen-tap-phim-18-han-quoc/" img="http://vaphim.com/wp-content/uploads/2015/04/campus-s.jpg" fanart="http://vaphim.com/wp-content/uploads/2015/04/campus-s.jpg" href="https://www.fshare.vn/file/V76VPNTUM94J">Tình Dục Là Chuyện Nhỏ 2014 - Campus.S.Couple.2014.mp4</a>
<a url="http://vaphim.com/2015/04/25/tuyen-tap-phim-18-han-quoc/" img="http://vaphim.com/wp-content/uploads/2015/04/green-chair.jpg" fanart="http://vaphim.com/wp-content/uploads/2015/04/green-chair.jpg" href="https://www.fshare.vn/file/OQDEMPCA6OP7">Chiếc Ghế Màu Xanh 2005 - Green Chair (2007).DVD5.mkv</a>
<a url="http://vaphim.com/2015/04/25/tuyen-tap-phim-18-han-quoc/" img="http://vaphim.com/wp-content/uploads/2015/04/vacane.jpg" fanart="http://vaphim.com/wp-content/uploads/2015/04/vacane.jpg" href="https://www.fshare.vn/file/97YWF3X6S65V">Tình Tay Bốn 2013 - VACANCE.iso</a>
<a url="http://vaphim.com/2015/04/25/tuyen-tap-phim-18-han-quoc/" img="http://vaphim.com/wp-content/uploads/2015/04/nguoimetre.jpg" fanart="http://vaphim.com/wp-content/uploads/2015/04/nguoimetre.jpg" href="https://www.fshare.vn/file/6PTPTR2NTXWJ">Người Mẹ Trẻ 2 – Young Mother 2 (2014) - Young.Mother.2.2014.720p.HDRip.H264-KTH(1).mp4</a>
<a url="http://vaphim.com/2015/04/25/tuyen-tap-phim-18-han-quoc/" img="http://vaphim.com/wp-content/uploads/2015/04/lovescene.jpg" fanart="http://vaphim.com/wp-content/uploads/2015/04/lovescene.jpg" href="https://www.fshare.vn/file/2TR3VT7ALSY5">Chuyện Tình Kỳ Bí 2013 - Love.Scene.2013.720p.HDRip.H264-KTH(1).mp4</a>
<a url="http://vaphim.com/2015/04/25/tuyen-tap-phim-18-han-quoc/" img="http://vaphim.com/wp-content/uploads/2015/04/cat-girl.jpg" fanart="http://vaphim.com/wp-content/uploads/2015/04/cat-girl.jpg" href="https://www.fshare.vn/file/ELLXKQQAT3NR">Cô Gái Mèo 2013 - Cat.Girl.2013.720p.HDRip.H264.mp4</a>
<a url="http://vaphim.com/2015/04/25/tuyen-tap-phim-18-han-quoc/" img="http://vaphim.com/wp-content/uploads/2015/04/our-ex-gf.jpg" fanart="http://vaphim.com/wp-content/uploads/2015/04/our-ex-gf.jpg" href="https://www.fshare.vn/file/R41I7871A3BY">Người Tình Cũ (2013) - Our.Ex.Girlfriend.2013.720p.HDRip.H264-CiNERO(1).mp4</a>
<a url="http://vaphim.com/2015/03/20/tiec-khoa-than-the-gigolo-2015-18/" img="http://vaphim.com/wp-content/uploads/2015/03/The-Gigolo-2015-134x1931.jpg" fanart="http://vaphim.com/wp-content/uploads/2015/03/The-Gigolo-2015-1.jpg" href="https://www.fshare.vn/file/JWPKHD5BXHAO">Tiệc khỏa thân The Gigolo (2015) 18+ - The.Gigolo.2015.720p.BluRay.x264-WiKi</a>
<a url="http://vaphim.com/2015/03/20/tiec-khoa-than-the-gigolo-2015-18/" img="http://vaphim.com/wp-content/uploads/2015/03/The-Gigolo-2015-134x1931.jpg" fanart="http://vaphim.com/wp-content/uploads/2015/03/The-Gigolo-2015-1.jpg" href="https://www.fshare.vn/file/FAVBNZRMKQMP">Tiệc khỏa thân The Gigolo (2015) 18+ - The.Gigolo.2015.1080p.BluRay.x264-WiKi</a>
<a url="http://vaphim.com/2015/04/23/nguoi-thua-ke-vu-tru-jupiter-ascending-2015/" img="http://vaphim.com/wp-content/uploads/2015/04/nguoikethuavutru_banner.jpg" fanart="http://vaphim.com/wp-content/uploads/2015/04/nguoikethuavutru_banner.jpg" href="https://www.fshare.vn/file/86XWF7F8M8XR">Người Thừa Kế Vũ Trụ Jupiter Ascending (2015) - Jupiter.Ascending.2015.ViE.720p.HDRip.x264.AC3-JadViE.mkv</a>
<a url="http://vaphim.com/2015/04/23/nguoi-thua-ke-vu-tru-jupiter-ascending-2015/" img="http://vaphim.com/wp-content/uploads/2015/04/nguoikethuavutru_banner.jpg" fanart="http://vaphim.com/wp-content/uploads/2015/04/nguoikethuavutru_banner.jpg" href="https://www.fshare.vn/file/W1342P43WZYN">Người Thừa Kế Vũ Trụ Jupiter Ascending (2015) - Phụ Đề Việt</a>
<a url="http://vaphim.com/2015/04/23/nguoi-thua-ke-vu-tru-jupiter-ascending-2015/" img="http://vaphim.com/wp-content/uploads/2015/04/nguoikethuavutru_banner.jpg" fanart="http://vaphim.com/wp-content/uploads/2015/04/nguoikethuavutru_banner.jpg" href="https://www.fshare.vn/file/U4NP9YRMMZUY">Người Thừa Kế Vũ Trụ Jupiter Ascending (2015) - Jupiter Ascending 2015 ViE 1080p WEB-DL AAC-3 H264-RARBG</a>
<a url="http://vaphim.com/2015/04/23/nguoi-thua-ke-vu-tru-jupiter-ascending-2015/" img="http://vaphim.com/wp-content/uploads/2015/04/nguoikethuavutru_banner.jpg" fanart="http://vaphim.com/wp-content/uploads/2015/04/nguoikethuavutru_banner.jpg" href="https://www.fshare.vn/file/W1342P43WZYN">Người Thừa Kế Vũ Trụ Jupiter Ascending (2015) - Phụ Đề Việt</a>
